{"office_7_6": [-15.971442, 15.899797, 1.407713], "office_8_6": [-17.341328, 10.488632, 1.401533], "hallway_2_6": [-5.259667, 12.958068, 1.411253], "office_18_6": [-8.215341, 15.951518, 1.400594], "conferenceRoom_1_6": [-19.342146, 40.034363, 1.387398], "office_36_6": [-3.427343, 13.850101, 1.403591], "hallway_1_6": [-14.550892, 28.007071, 1.428311], "office_25_6": [-1.377185, 34.390808, 1.410351], "hallway_5_6": [-8.995512, 4.617864, 1.386753], "office_26_6": [-3.212549, 22.07757, 1.416461], "office_11_6": [-16.044024, -1.071687, 1.377729], "office_32_6": [-0.206635, -1.566031, 1.357177], "office_6_6": [-16.127115, 20.100622, 1.415859], "office_34_6": [-0.198669, 7.965468, 1.358868], "openspace_1_6": [-9.916475, 25.694355, 1.431182], "office_31_6": [-4.448216, 0.846141, 1.364292], "office_27_6": [-0.187476, 25.932877, 1.414618], "office_13_6": [-12.894816, 9.560836, 1.412158], "office_23_6": [-3.29877, 40.315693, 1.37458], "lounge_1_6": [-8.053923, 20.439451, 1.426048], "office_12_6": [-12.399274, -0.320201, 1.385054], "office_29_6": [-1.811438, 31.459908, 1.418707], "office_2_6": [-19.827124, 32.275951, 1.397859], "office_22_6": [-12.89006, 35.144402, 1.414469], "office_4_6": [-17.64864, 25.889017, 1.414983], "office_37_6": [-1.488356, 15.985757, 1.397723], "office_28_6": [0.304969, 28.696051, 1.414071], "office_19_6": [-10.845015, 31.227356, 1.399126], "hallway_6_6": [-10.540957, 2.95234, 1.401365], "hallway_4_6": [-4.725684, 3.26645, 1.375419], "office_9_6": [-18.243059, 7.166157, 1.378417], "office_33_6": [0.281602, 4.913261, 1.348684], "copyRoom_1_6": [-6.376871, 38.599518, 1.390248], "office_21_6": [-8.8066, 33.780449, 1.416243], "office_30_6": [-3.28383, 19.833319, 1.405345], "pantry_1_6": [-11.557144, 38.012684, 1.416575], "office_24_6": [-2.96382, 38.184155, 1.374193], "office_1_6": [-16.017591, 34.205662, 1.401387], "office_35_6": [-0.231365, 10.123465, 1.387589], "office_3_6": [-16.371689, 28.124676, 1.419866], "office_10_6": [-19.226383, -0.232994, 1.369099], "office_14_6": [-8.110472, 9.968074, 1.371618], "office_5_6": [-18.123219, 22.499794, 1.418205], "office_15_6": [-12.933164, 16.906578, 1.417592], "office_20_6": [-6.636678, 31.326637, 1.425985], "office_16_6": [-11.943825, 13.488929, 1.413519], "hallway_3_6": [-14.829154, 2.31119, 1.392158], "office_17_6": [-8.134007, 13.040154, 1.396913]}