{"conferenceRoom_3_5": [25.310122, 6.486794, 1.434957], "hallway_14_5": [19.486372, -16.560007, 1.479502], "office_5_5": [-9.56708, -4.053766, 1.427141], "hallway_11_5": [5.975944, -19.89996, 1.459408], "hallway_9_5": [5.93887, -11.309713, 1.442749], "hallway_2_5": [23.187656, -3.541633, 1.472553], "office_3_5": [-11.448771, -9.143714, 1.435675], "office_4_5": [-9.687075, -7.265228, 1.428397], "office_32_5": [12.926966, -32.073059, 1.472026], "office_24_5": [25.689972, 15.582166, 1.446663], "storage_1_5": [17.020844, -22.582695, 1.478338], "hallway_3_5": [-2.462285, -16.440634, 1.435504], "hallway_10_5": [-9.604705, -13.572864, 1.437395], "office_36_5": [0.422083, -12.231317, 1.421413], "office_40_5": [16.795744, 12.207483, 1.451251], "office_30_5": [17.855431, -18.365519, 1.472552], "hallway_12_5": [15.426927, -25.716583, 1.48909], "office_34_5": [6.913952, -28.049864, 1.492904], "office_37_5": [11.771546, -16.390879, 1.422343], "hallway_13_5": [13.602914, -3.374402, 1.4765], "hallway_7_5": [-7.072574, -3.44351, 1.444071], "office_2_5": [-11.149226, -13.355445, 1.429018], "lobby_1_5": [4.685254, 0.570438, 1.470733], "storage_4_5": [20.533375, 8.66348, 1.446213], "office_26_5": [24.363571, 10.013944, 1.435307], "WC_2_5": [20.358377, 0.523781, 1.467564], "storage_2_5": [-0.198293, -22.585451, 1.493634], "WC_1_5": [15.088401, 1.032094, 1.479284], "conferenceRoom_2_5": [15.76438, -5.18914, 1.463227], "office_29_5": [24.47822, -12.630557, 1.472894], "office_28_5": [25.310349, -9.899977, 1.462103], "office_31_5": [15.198543, -30.907875, 1.483861], "hallway_4_5": [8.572059, -28.036156, 1.490921], "office_27_5": [25.679585, -7.105261, 1.455391], "office_41_5": [27.90481, -2.542284, 1.465748], "pantry_1_5": [-0.067639, 1.778776, 1.474392], "office_16_5": [-6.402171, -6.15811, 1.435073], "office_33_5": [8.900443, -31.908487, 1.48199], "office_35_5": [2.517859, -20.537922, 1.424851], "conferenceRoom_1_5": [10.163733, -8.9242, 1.432813], "hallway_1_5": [6.1594, -2.933846, 1.451517], "storage_3_5": [20.798298, -14.456628, 1.465993], "hallway_5_5": [-8.799959, -3.965044, 1.43885], "office_1_5": [-12.754441, -16.008488, 1.427103], "office_25_5": [26.954428, 12.103312, 1.434436]}