{"office_7_6": [[-15.971442, 15.899797, 1.407713], [-18.194288, 16.130932, 1.413669], [-19.815422, 15.949646, 1.41899]], "office_8_6": [[-17.341328, 10.488632, 1.401533], [-18.931059, 10.617481, 1.401905], [-17.714558, 13.059539, 1.401065], [-15.902629, 13.739198, 1.402424], [-19.508045, 13.367205, 1.398373], [-17.677277, 11.852265, 1.407605], [-16.010693, 9.839522, 1.400265]], "hallway_2_6": [[-5.259667, 12.958068, 1.411253], [-4.923242, 36.274357, 1.413189], [-5.020229, 31.197311, 1.429617], [-5.247741, 16.780508, 1.411435], [-4.864738, 11.871792, 1.410338], [-4.69621, 20.101303, 1.41098], [-4.795392, 23.993488, 1.426001], [-5.784208, 25.598135, 1.431462], [-4.90699, 32.248077, 1.427266], [-4.978214, 35.110382, 1.41733], [-4.902781, 4.762902, 1.387176], [-4.8257, 30.10771, 1.429482], [-4.69377, 42.664803, 1.364075], [-4.809315, 14.045268, 1.409847], [-6.250281, 4.46621, 1.382137], [-4.997539, 9.564959, 1.392739], [-4.939187, 26.206972, 1.424664], [-4.824825, 21.980724, 1.421805], [-5.031876, 7.922697, 1.386943], [-4.908257, 38.485111, 1.379674], [-4.94859, 5.828093, 1.385362], [-6.033426, 22.928102, 1.428776], [-4.833426, 28.074715, 1.431733], [-4.886702, 17.957415, 1.411515], [-4.842999, 40.20858, 1.379117], [-4.780469, 34.031231, 1.419861], [-4.889897, 15.789593, 1.408547]], "office_18_6": [[-8.215341, 15.951518, 1.400594], [-6.855358, 16.816246, 1.4073]], "conferenceRoom_1_6": [[-19.342146, 40.034363, 1.387398], [-16.046621, 38.536438, 1.395149], [-17.073578, 36.994652, 1.396895], [-19.408846, 37.188625, 1.393643], [-17.50486, 40.157673, 1.384336]], "office_36_6": [[-3.427343, 13.850101, 1.403591], [-1.454406, 13.969028, 1.401927], [0.073766, 13.613488, 1.401063]], "hallway_1_6": [[-14.550892, 28.007071, 1.428311], [-14.528731, 9.492653, 1.409046], [-13.096579, 4.56219, 1.401567], [-14.507065, 32.274296, 1.40711], [-14.529097, 18.991392, 1.422701], [-14.406711, 31.208076, 1.413944], [-14.536036, 4.595243, 1.395996], [-14.416922, 35.207764, 1.408632], [-14.638314, 21.934349, 1.426111], [-14.43936, 26.170755, 1.429033], [-14.609146, 6.572915, 1.400966], [-14.449505, 12.922276, 1.42132], [-14.526204, 30.223124, 1.416459], [-14.424487, 16.812101, 1.418653], [-14.47195, 34.005714, 1.410368], [-14.618525, 15.778307, 1.416987], [-14.515495, 20.093443, 1.42174], [-14.553696, 38.408569, 1.404486], [-14.509194, 24.230179, 1.43176]], "office_25_6": [[-1.377185, 34.390808, 1.410351], [-3.26722, 34.277637, 1.407672], [0.235381, 35.003757, 1.408993]], "hallway_5_6": [[-8.995512, 4.617864, 1.386753], [-10.544766, 4.70084, 1.400917]], "office_26_6": [[-3.212549, 22.07757, 1.416461], [0.531336, 21.997608, 1.403393], [-1.680266, 22.446426, 1.416039]], "office_11_6": [[-16.044024, -1.071687, 1.377729], [-15.024052, 0.571578, 1.385592]], "office_32_6": [[-0.206635, -1.566031, 1.357177], [0.102855, 0.490666, 1.355273]], "office_6_6": [[-16.127115, 20.100622, 1.415859], [-17.815359, 18.925537, 1.414958], [-18.117298, 20.33456, 1.420183], [-19.680191, 19.761332, 1.420401]], "office_34_6": [[-0.198669, 7.965468, 1.358868], [-2.743412, 7.809812, 1.362006]], "openspace_1_6": [[-9.916475, 25.694355, 1.431182], [-13.235133, 22.955891, 1.430636], [-8.051637, 23.507202, 1.429684], [-13.114389, 27.885576, 1.432953], [-7.777313, 25.011015, 1.432491], [-6.367708, 27.401178, 1.434693], [-9.25692, 27.874243, 1.432286], [-12.966214, 25.236074, 1.431864], [-10.776247, 24.522625, 1.430903], [-9.166813, 24.033815, 1.431848], [-11.293754, 27.083639, 1.434418], [-11.566095, 24.366148, 1.433786], [-7.554728, 27.871073, 1.432283], [-6.711147, 29.478903, 1.434287]], "office_31_6": [[-4.448216, 0.846141, 1.364292], [-3.182249, -0.597499, 1.351617]], "office_27_6": [[-0.187476, 25.932877, 1.414618], [-3.500549, 26.057011, 1.415201], [-2.034222, 25.85269, 1.416264]], "office_13_6": [[-12.894816, 9.560836, 1.412158], [-11.150575, 9.670023, 1.408321]], "office_23_6": [[-3.29877, 40.315693, 1.37458], [0.050661, 40.123859, 1.371915], [-1.693254, 40.347813, 1.373913]], "lounge_1_6": [[-8.053923, 20.439451, 1.426048], [-10.522245, 20.489794, 1.427818], [-13.088553, 19.046728, 1.423909], [-6.421466, 20.022104, 1.42362], [-8.783035, 21.821049, 1.419446], [-12.095965, 21.575058, 1.428588]], "office_12_6": [[-12.399274, -0.320201, 1.385054], [-12.827589, 2.10157, 1.388269]], "office_29_6": [[-1.811438, 31.459908, 1.418707], [0.139026, 31.751947, 1.405898], [-3.42189, 32.214684, 1.423221]], "office_2_6": [[-19.827124, 32.275951, 1.397859], [-16.038347, 32.289532, 1.401762], [-17.622898, 32.249893, 1.4015]], "office_22_6": [[-12.89006, 35.144402, 1.414469], [-11.294635, 34.983585, 1.408265]], "office_4_6": [[-17.64864, 25.889017, 1.414983], [-15.989142, 26.211483, 1.419708], [-19.248873, 25.779819, 1.412671]], "office_37_6": [[-1.488356, 15.985757, 1.397723], [0.115886, 15.887589, 1.40142], [-3.231429, 15.943932, 1.396661]], "office_28_6": [[0.304969, 28.696051, 1.414071], [-1.392727, 28.570314, 1.422494], [-3.251434, 28.194304, 1.425685]], "office_19_6": [[-10.845015, 31.227356, 1.399126], [-12.783722, 31.277628, 1.410241]], "hallway_6_6": [[-10.540957, 2.95234, 1.401365]], "hallway_4_6": [[-4.725684, 3.26645, 1.375419], [-2.121737, 2.11263, 1.366612], [-4.603713, 1.996372, 1.367818]], "office_9_6": [[-18.243059, 7.166157, 1.378417], [-17.876617, 4.598047, 1.3833], [-17.113892, 6.20792, 1.385005], [-16.045792, 4.759652, 1.383474], [-16.507105, 7.369335, 1.386924], [-19.703512, 7.169261, 1.381543], [-19.575304, 4.713745, 1.385015]], "office_33_6": [[0.281602, 4.913261, 1.348684], [-1.478078, 4.704078, 1.355367], [-3.299421, 4.472571, 1.365544]], "copyRoom_1_6": [[-6.376871, 38.599518, 1.390248], [-8.233453, 38.136761, 1.385738]], "office_21_6": [[-8.8066, 33.780449, 1.416243], [-8.712185, 34.790085, 1.419061], [-6.489359, 35.091167, 1.436336]], "office_30_6": [[-3.28383, 19.833319, 1.405345], [-1.635588, 19.950104, 1.401175], [0.174221, 19.511459, 1.400874]], "pantry_1_6": [[-11.557144, 38.012684, 1.416575], [-12.856459, 38.555168, 1.394924]], "office_24_6": [[-2.96382, 38.184155, 1.374193], [0.003928, 37.73336, 1.377838], [-1.329366, 38.284847, 1.372411]], "office_1_6": [[-16.017591, 34.205662, 1.401387], [-17.535915, 34.753956, 1.398777], [-19.136248, 34.23074, 1.394882]], "office_35_6": [[-0.231365, 10.123465, 1.387589], [-1.876101, 10.109327, 1.382655], [-3.819779, 9.725482, 1.381891]], "office_3_6": [[-16.371689, 28.124676, 1.419866], [-18.12187, 28.250795, 1.411873], [-19.409781, 28.230013, 1.409326]], "office_10_6": [[-19.226383, -0.232994, 1.369099], [-18.725935, 1.999602, 1.370877]], "office_14_6": [[-8.110472, 9.968074, 1.371618], [-6.141499, 9.438684, 1.382428]], "office_5_6": [[-18.123219, 22.499794, 1.418205], [-15.880517, 23.600719, 1.421359], [-20.302681, 22.551907, 1.41672], [-15.999359, 22.01363, 1.418433]], "office_15_6": [[-12.933164, 16.906578, 1.417592], [-11.486027, 16.782379, 1.410001]], "office_20_6": [[-6.636678, 31.326637, 1.425985], [-8.427922, 30.950703, 1.402216]], "office_16_6": [[-11.943825, 13.488929, 1.413519], [-10.802792, 13.673738, 1.406713], [-12.811254, 12.972261, 1.41727]], "hallway_3_6": [[-14.829154, 2.31119, 1.392158], [-16.973318, 2.133773, 1.37629]], "office_17_6": [[-8.134007, 13.040154, 1.396913], [-6.697798, 13.079704, 1.402911]]}