{"lobby_2_4": [[-24.390863, 4.938237, 1.273494], [-19.375458, 0.285015, 1.295863], [-22.993788, 6.992716, 1.270204], [-21.090673, 7.012937, 1.273143], [-23.747295, 0.102105, 1.275961], [-20.805887, 2.697484, 1.27188], [-25.650455, 0.022967, 1.284498], [-23.007599, 5.216603, 1.273756], [-20.96303, 5.209683, 1.278119], [-23.148365, 1.702653, 1.280948], [-21.233383, -0.587693, 1.288698], [-21.415131, 0.411977, 1.292073], [-22.865963, 3.723329, 1.270762], [-22.886812, 7.990458, 1.269381], [-20.680607, 3.683374, 1.270999]], "lobby_1_4": [[-5.94006, -3.655666, 1.307055], [-10.641191, -3.733998, 1.30985], [-7.760345, -3.142024, 1.302121], [-4.014256, -0.636432, 1.292704], [-1.783472, -3.115106, 1.294189], [-12.464797, -3.547871, 1.305896], [-3.401872, -3.55249, 1.294739], [-11.48875, -0.63504, 1.292193], [-8.012654, -0.378816, 1.298159], [-0.478657, -3.567561, 1.291967], [-4.713649, -2.764926, 1.296643], [-11.650096, -2.233824, 1.299107], [-8.936968, -1.192384, 1.295442], [-9.912804, -1.876657, 1.298988], [-13.140311, -2.026405, 1.297953], [-2.310227, -1.74104, 1.295132], [-6.547512, -0.65997, 1.291176]], "WC_4_4": [[-12.640456, 8.806128, 1.293415], [-12.904604, 11.611632, 1.273418], [-13.843595, 9.058656, 1.296249], [-12.035055, 11.727261, 1.248291], [-13.224231, 9.791886, 1.292799], [-12.344719, 10.372488, 1.290257], [-12.685386, 10.989964, 1.28439], [-11.973841, 10.860381, 1.26599]], "office_12_4": [[-6.573952, 10.301343, 1.287923], [-5.868773, 9.526264, 1.289852], [-6.058788, 11.870182, 1.284992], [-6.270914, 8.339731, 1.294483]], "hallway_14_4": [[-21.347321, 10.735734, -0.409659], [-17.615566, 10.687274, 1.253946], [-17.890858, 10.878201, 1.263715], [-21.190643, 8.887147, -0.416172], [-17.263647, 11.70826, 1.258915]], "hallway_1_4": [[-14.559679, -4.778876, 1.308111], [-17.697163, 0.259022, 1.293546], [-15.168315, 5.647168, 1.286861], [-15.416935, 2.587761, 1.291209], [-14.912062, -2.044668, 1.312136], [-14.954841, -2.532146, 1.307343], [-14.492958, -3.178952, 1.311178], [-15.314835, 4.284733, 1.289721], [-16.308802, 0.135959, 1.300044], [-15.225655, -0.982229, 1.306841]], "office_11_4": [[-2.024031, 8.456141, 1.284463], [-2.688826, 11.805143, 1.280532], [-2.991537, 10.110249, 1.283532], [-3.96329, 9.487557, 1.284839], [-2.590915, 9.612168, 1.282731]], "hallway_7_4": [[-16.264515, 12.729715, 1.267625], [-15.263951, 12.950939, 1.275565], [-15.313751, 12.180054, 1.26828], [-14.934128, 9.14365, 1.294219], [-15.289427, 8.126766, 1.294969], [-15.003518, 14.17143, 1.272781], [-14.940344, 16.554005, 1.266702], [-15.176037, 10.738319, 1.281823], [-14.387922, 6.869727, 1.304859]], "hallway_3_4": [[11.923205, 9.337448, 1.263495], [13.874633, 2.60649, 1.259087], [10.951077, 0.538772, 1.259045], [12.52159, 1.613218, 1.264672], [12.411723, 0.71795, 1.259123], [11.483935, -0.544332, 1.256693], [13.89382, 6.250108, 1.2669], [7.757708, 0.60455, 1.265119], [6.938719, 7.114439, 1.273586], [6.92481, 6.027782, 1.273716], [10.194426, 7.07305, 1.282601], [11.065443, 6.913241, 1.279533], [12.618907, 4.992902, 1.271191], [12.491851, 7.452318, 1.269855]], "office_21_4": [[8.664682, 11.443781, 1.256082], [10.049324, 11.782416, 1.255539], [8.052104, 11.972041, 1.256856], [11.915421, 10.727121, 1.258939]], "storage_3_4": [[-1.440155, -0.59612, 1.292395], [-0.166374, 0.280131, 1.302464], [-1.484182, 0.398703, 1.290426], [1.3418, 0.058684, 1.284995]], "hallway_11_4": [[-0.520059, 18.024717, 1.270725], [-4.1208, 18.120012, 1.271705], [-2.351897, 17.640892, 1.271807]], "storage_1_4": [[-21.564497, 12.519547, 1.269901]], "office_1_4": [[-5.374433, 3.007573, 1.283627], [-5.321754, 2.022695, 1.29051], [-5.701327, 4.339819, 1.283315], [-6.255871, 5.697142, 1.282588]], "conferenceRoom_1_4": [[-8.627002, 2.185467, 1.296768], [-11.811134, 5.043714, 1.285581], [-12.767019, 5.629592, 1.294565], [-10.447581, 2.308392, 1.288121], [-9.854712, 5.116581, 1.292375], [-12.927137, 3.681235, 1.290421], [-7.831158, 3.839305, 1.289812], [-12.07177, 2.415754, 1.29756], [-7.832462, 5.660888, 1.292225]], "office_20_4": [[-18.104174, -2.676832, 1.301393], [-20.852476, -1.780631, 1.294614]], "office_16_4": [[-25.416157, 10.882551, 1.279628], [-25.283644, 10.279856, 1.281206], [-27.427917, 9.70498, 1.276861], [-28.137697, 10.327548, 1.276448], [-24.274843, 10.952639, 1.28374], [-28.1479, 11.082877, 1.271335], [-28.496723, 11.952448, 1.265955], [-22.518604, 12.670101, 1.267354], [-28.833643, 9.839366, 1.268517], [-23.092836, 9.583819, 1.270076], [-23.191099, 10.799684, 1.274018], [-24.90234, 9.877751, 1.282902], [-26.904476, 11.040654, 1.276673], [-23.097878, 12.105515, 1.272239], [-23.958637, 12.951912, 1.286954], [-27.883366, 12.51018, 1.261489]], "office_3_4": [[-0.539272, 4.261932, 1.286], [-1.028063, 2.397654, 1.284536], [0.094077, 3.407774, 1.282062]], "office_9_4": [[13.775267, 11.160092, 1.257892], [14.768354, 11.173037, 1.253919], [15.962517, 12.651087, 1.248771], [16.322165, 11.989066, 1.253841], [13.261543, 9.269313, 1.263386]], "conferenceRoom_3_4": [[-28.552551, -0.495183, 1.279598], [-28.729149, -2.970449, 1.277041], [-27.098095, -0.55831, 1.276815], [-26.880114, -3.133467, 1.277647]], "storage_4_4": [[-13.072481, 0.269961, 1.282319], [-11.835788, 0.136202, 1.277178], [-13.881273, 0.127106, 1.280289]], "conferenceRoom_2_4": [[-28.645424, 3.261823, 1.266416], [-28.43902, 7.305192, 1.268842], [-28.117954, 2.587218, 1.269754], [-28.638685, 6.124196, 1.265104], [-27.167297, 2.519544, 1.267236], [-25.558844, 5.04231, 1.273883], [-26.046745, 2.206447, 1.269225], [-25.775187, 6.857962, 1.265352]], "hallway_10_4": [[-2.836625, 5.761404, 1.270271], [-7.492148, 6.883166, 1.290248], [-5.633807, 6.998058, 1.28182], [-3.253382, 7.013682, 1.282305], [-1.031802, 7.187272, 1.276449], [-11.100021, 7.272087, 1.295824], [0.416714, 6.992428, 1.27955], [-0.773048, 5.651648, 1.287322]], "office_6_4": [[13.952773, 0.776778, 1.221189], [15.950448, 0.559066, 1.245269], [15.973068, -0.3755, 1.244605]], "office_5_4": [[10.927382, 2.520891, 1.27024], [8.681204, 4.38991, 1.273844], [9.638423, 4.070048, 1.26818], [9.573379, 3.186914, 1.271449], [10.056554, 4.937021, 1.267058], [8.587645, 2.331204, 1.272754], [10.508659, 4.074184, 1.269284], [8.275935, 5.97252, 1.2765]], "hallway_12_4": [[-6.140769, 18.025883, 1.26933], [-13.005745, 16.546453, 1.271761], [-13.505016, 17.721699, 1.274279], [-11.176129, 17.835636, 1.268541], [-12.733349, 17.557386, 1.271389], [-12.079144, 17.897709, 1.266329], [-7.143289, 18.192293, 1.278026], [-9.900656, 18.392208, 1.273486]], "office_4_4": [[5.79152, 3.398016, 1.274918], [5.380628, 5.534132, 1.281346], [6.314444, 4.655077, 1.275565], [6.106329, 1.975379, 1.272415]], "office_2_4": [[-2.635132, 3.479548, 1.286556], [-3.178543, 2.661532, 1.283973], [-3.117359, 4.993689, 1.289826]], "hallway_2_4": [[0.281818, -1.982375, 1.290336], [2.27683, -2.513371, 1.290472], [2.648791, 1.796468, 1.275279], [2.947615, 0.316339, 1.288732], [2.633661, 3.834063, 1.275452]], "hallway_9_4": [[2.682867, 7.111788, 1.293699], [4.173626, 6.8305, 1.272503], [2.878522, 6.094159, 1.290294]], "storage_2_4": [[-17.044378, 12.263156, 1.260573]], "office_7_4": [[14.660666, 4.152781, 1.268285], [15.904307, 3.908021, 1.26688]], "office_10_4": [[-2.478649, 16.475721, 1.278474], [-0.433347, 13.769206, 1.274106], [-3.59914, 14.927415, 1.274153], [-0.915901, 15.135875, 1.270708], [0.612816, 15.348163, 1.27239], [-0.229531, 14.818665, 1.273557]], "office_14_4": [[-12.247176, 16.084751, 1.274991], [-12.884354, 14.951907, 1.273949]], "hallway_13_4": [[6.561929, 8.811928, 1.256637], [3.827894, 9.847026, 1.261797], [4.9093, 9.832869, 1.257289], [5.662832, 12.07093, 1.270005]], "hallway_4_4": [[2.181402, 11.537878, 1.267935], [2.081818, 15.226049, 1.272099], [2.459682, 10.421475, 1.269088], [1.559621, 18.12915, 1.270001], [2.378595, 9.459421, 1.282228]], "office_19_4": [[6.221062, -2.593474, 1.279917], [4.615521, -2.702938, 1.281284], [6.456489, -0.710437, 1.269982]],