{"office_3_3": [[20.665548, 1.390663, 1.383317], [23.175123, 2.519463, 1.343217], [21.320011, 2.323802, 1.372698]], "lounge_2_3": [[11.702342, -4.191778, 1.404169], [4.827013, -2.814303, 1.406437], [4.207122, -4.551214, 1.398113], [8.960188, -5.094431, 1.413527], [6.922006, -2.962893, 1.384196], [12.978265, -4.946239, 1.385853], [4.851195, -6.679965, 1.406955], [6.604082, -7.820005, 1.407294], [10.588283, -4.999937, 1.423824], [9.195207, -7.460732, 1.411536], [9.506696, -2.915594, 1.420641]], "office_7_3": [[22.289303, -8.838264, 1.380665], [24.11368, -9.565175, 1.384146], [24.885548, -9.405652, 1.386547]], "hallway_1_3": [[20.532543, -6.840574, 1.377936], [20.670376, -9.882116, 1.380662], [20.507401, -2.891425, 1.378738], [20.654146, -0.01485, 1.391676], [20.636297, -8.622749, 1.382318], [20.560822, -1.173873, 1.396632]], "office_8_3": [[20.633715, -11.129754, 1.377879], [20.70577, -12.610888, 1.377877], [23.476564, -13.223627, 1.386218], [19.788424, -14.495838, 1.376403]], "lounge_1_3": [[7.640006, 5.823291, 1.401135], [6.256635, 7.363681, 1.395138], [7.12893, 3.1324, 1.409189], [5.752804, 4.579271, 1.4057]], "hallway_4_3": [[5.901874, -0.090371, 1.426955], [15.239485, -0.094436, 1.463543], [18.02231, -0.288131, 1.410697], [9.539044, -0.194275, 1.455864], [7.330396, -0.068105, 1.430678], [2.848008, -0.129077, 1.419888], [12.995737, -0.097454, 1.444945], [17.004492, 0.324202, 1.416714]], "WC_1_3": [[1.074649, 2.964298, 1.393186], [0.049927, 1.673553, 1.396078], [0.973425, 7.187711, 1.404367], [0.912234, 5.193831, 1.39784]], "WC_2_3": [[12.568247, 2.792135, 1.448511], [13.216828, 1.26176, 1.441205], [12.700372, 5.507149, 1.427693], [12.274103, 4.107552, 1.44166], [12.294668, 7.097459, 1.424657]], "office_6_3": [[24.870342, -7.019124, 1.374498], [22.169222, -6.808442, 1.373944]], "office_5_3": [[23.907976, -4.28163, 1.368749], [21.554668, -2.93087, 1.374648], [25.866116, -3.569314, 1.369238]], "hallway_6_3": [[6.250639, 1.191646, 1.424116]], "conferenceRoom_1_3": [[15.620471, 4.714902, 1.40545], [18.592541, 3.81312, 1.413175], [19.400846, 5.658658, 1.414362], [16.992886, 1.761457, 1.414287], [14.882559, 2.599987, 1.406374]], "office_10_3": [[18.066166, -6.109335, 1.37367], [18.038767, -8.484774, 1.381358]], "hallway_2_3": [[18.090178, -9.709255, 1.384473], [10.492883, -9.822961, 1.38806], [13.63163, -9.85548, 1.39066], [15.361178, -9.810712, 1.389929], [8.227612, -9.634097, 1.38545], [6.588905, -9.519667, 1.383103]], "office_1_3": [[13.855364, -11.840105, 1.379355], [13.802719, -14.587595, 1.379483]], "office_2_3": [[16.749228, -9.846838, 1.386119], [17.001659, -13.90218, 1.374837], [16.783503, -11.441142, 1.375258]], "storage_1_3": [[20.048697, -15.30484, 1.381192]], "office_4_3": [[21.915642, -1.03476, 1.393256], [24.590502, 0.230022, 1.359617]], "hallway_3_3": [[0.016883, -0.033569, 1.414255], [0.759267, 0.090116, 1.411502]], "office_9_3": [[18.123711, -1.96054, 1.410976], [18.668203, -3.455961, 1.402697]]}