{"conferenceRoom_3_5": [[25.310122, 6.486794, 1.434957], [25.167253, 2.480507, 1.491986], [27.735392, 6.968129, 1.435765], [27.112494, 2.213919, 1.468128], [24.548683, 4.102363, 1.460732], [23.205673, 3.97859, 1.463959], [27.946983, 4.089398, 1.450733]], "hallway_14_5": [[19.486372, -16.560007, 1.479502], [18.161648, -17.16787, 1.473528], [16.924051, -16.34395, 1.479585], [15.053053, -16.532358, 1.492375]], "office_5_5": [[-9.56708, -4.053766, 1.427141], [-11.28529, -3.834196, 1.432449], [-12.995935, -3.663681, 1.433122]], "hallway_11_5": [[5.975944, -19.89996, 1.459408], [5.366583, -22.466331, 1.454569], [6.033254, -25.895651, 1.498362], [5.862349, -18.128237, 1.461128], [6.05796, -24.007076, 1.505488], [6.080449, -21.553652, 1.455366]], "hallway_9_5": [[5.93887, -11.309713, 1.442749], [5.099157, -14.640722, 1.431787], [5.987837, -14.928566, 1.438106], [5.604376, -5.571741, 1.462866], [5.959812, -13.022165, 1.438841], [5.963071, -16.676039, 1.436851], [5.861052, -9.792126, 1.448552], [6.939962, -9.70426, 1.438536]], "hallway_2_5": [[23.187656, -3.541633, 1.472553], [22.52191, 5.590319, 1.46201], [23.18351, -16.555168, 1.47702], [24.114489, 11.443934, 1.437934], [24.083677, -7.30518, 1.458139], [22.807215, -8.697557, 1.46607], [22.427958, -1.793355, 1.481574], [22.374454, -10.366601, 1.464449], [22.357861, 3.391989, 1.465335], [21.42058, -16.54513, 1.480384], [21.716034, 6.355738, 1.45113], [22.428286, 9.495666, 1.457056], [22.590364, 0.47495, 1.479224], [22.265249, 7.749186, 1.469237], [23.048239, 15.147977, 1.453436], [22.608694, -7.254324, 1.463001], [22.537474, -16.469965, 1.476909], [22.289698, 14.043097, 1.45441], [24.066797, 10.032883, 1.442464], [24.195988, -8.656026, 1.463974], [22.360832, -3.648824, 1.47171], [22.347725, -12.853431, 1.472484], [22.910351, 11.165505, 1.442186], [22.343126, 11.966951, 1.450754], [22.373882, 1.939266, 1.47328], [23.285027, -12.387903, 1.475182], [21.764875, 4.745126, 1.462609], [22.412889, -5.652626, 1.466886], [22.386026, -14.55795, 1.472006], [23.27252, 0.476373, 1.480107]], "office_3_5": [[-11.448771, -9.143714, 1.435675], [-9.787436, -8.961931, 1.435611], [-13.30355, -9.163965, 1.433639]], "office_4_5": [[-9.687075, -7.265228, 1.428397], [-11.212574, -7.080972, 1.424037], [-13.407682, -6.857381, 1.432106]], "office_32_5": [[12.926966, -32.073059, 1.472026], [12.696543, -29.20199, 1.483014], [13.057878, -30.899818, 1.481616], [13.268797, -28.0191, 1.480214]], "office_24_5": [[25.689972, 15.582166, 1.446663], [24.027447, 15.204182, 1.447221], [28.667387, 15.643693, 1.447736], [23.824677, 18.17734, 1.455267], [27.454473, 15.51992, 1.447188], [27.585278, 18.207451, 1.456628]], "storage_1_5": [[17.020844, -22.582695, 1.478338], [16.886868, -24.052841, 1.475855], [17.36442, -26.219894, 1.477807]], "hallway_3_5": [[-2.462285, -16.440634, 1.435504], [-2.513653, -16.41394, 1.437909], [2.69806, -16.517361, 1.428894], [-7.935334, -16.327003, 1.448237], [-6.318841, -16.403362, 1.444858], [4.738495, -16.481995, 1.435343], [1.191593, -17.228294, 1.426555], [-4.914275, -16.425291, 1.434135], [-0.185717, -16.316366, 1.429055]], "hallway_10_5": [[-9.604705, -13.572864, 1.437395], [-8.579785, -13.540425, 1.443423], [-8.70736, -7.177986, 1.446064], [-8.548477, -11.401376, 1.438377], [-9.683533, -15.349888, 1.437268], [-8.660585, -15.176887, 1.445644], [-8.673944, -8.91756, 1.443173], [-8.619556, -5.79535, 1.443055]], "office_36_5": [[0.422083, -12.231317, 1.421413], [2.80142, -12.705052, 1.427541], [0.507564, -14.297235, 1.429119], [3.435653, -14.362185, 1.43004]], "office_40_5": [[16.795744, 12.207483, 1.451251], [18.44882, 4.871897, 1.448108], [16.516893, 5.322253, 1.451874], [20.347551, 4.779131, 1.454102], [15.379271, 11.468678, 1.443628], [16.126766, 7.155695, 1.453632], [15.483088, 8.619643, 1.450405]], "office_30_5": [[17.855431, -18.365519, 1.472552], [17.653223, -19.937126, 1.468218]], "hallway_12_5": [[15.426927, -25.716583, 1.48909], [15.384794, -22.613405, 1.481484], [15.419509, -19.731167, 1.490492], [15.467325, -18.060328, 1.493793], [16.324114, -22.356339, 1.47817], [15.417177, -21.163261, 1.498044], [15.290621, -24.313965, 1.487263]], "office_34_5": [[6.913952, -28.049864, 1.492904], [5.365621, -28.657269, 1.491585], [6.014088, -32.572689, 1.48683], [6.730259, -29.287334, 1.489991], [6.824773, -31.219431, 1.486817]], "office_37_5": [[11.771546, -16.390879, 1.422343], [8.010208, -14.566252, 1.437687], [10.810822, -13.478242, 1.432352], [10.54528, -17.071352, 1.424851], [9.128788, -13.424682, 1.436147], [8.798944, -16.696754, 1.428188], [12.035007, -14.791517, 1.426378], [6.935758, -16.643681, 1.430264], [7.946761, -16.360493, 1.431936]], "hallway_13_5": [[13.602914, -3.374402, 1.4765], [16.531849, -3.297711, 1.484464], [21.414532, -3.276083, 1.475286], [11.304299, -3.337134, 1.472682], [18.858404, -3.385983, 1.475382], [19.180056, -2.521435, 1.476679], [15.015108, -3.371231, 1.485324], [8.975274, -3.333593, 1.473033]], "hallway_7_5": [[-7.072574, -3.44351, 1.444071], [2.512049, -3.400954, 1.450015], [-2.833078, -3.283307, 1.450068], [-1.923602, -3.266879, 1.449264], [0.889144, -3.276368, 1.446225], [-0.846493, -3.39973, 1.445842], [-4.8881, -3.473145, 1.450477]], "office_2_5": [[-11.149226, -13.355445, 1.429018], [-13.080853, -13.440523, 1.430386], [-13.894559, -13.188963, 1.431865]], "lobby_1_5": [[4.685254, 0.570438, 1.470733], [1.790207, 3.252211, 1.460128], [4.595953, 2.635419, 1.463152], [6.316986, 3.600728, 1.463927], [2.515957, 0.705755, 1.468778]], "storage_4_5": [[20.533375, 8.66348, 1.446213], [20.816067, 6.376385, 1.447747], [20.511066, 10.568042, 1.461665]], "office_26_5": [[24.363571, 10.013944, 1.435307], [26.846315, 9.486399, 1.451008], [28.319107, 9.655508, 1.451361], [25.402277, 9.32598, 1.44086]], "WC_2_5": [[20.358377, 0.523781, 1.467564], [20.383471, 1.920537, 1.466804], [19.958975, -1.291267, 1.482031]], "storage_2_5": [[-0.198293, -22.585451, 1.493634], [-0.512103, -19.360641, 1.490287], [1.438963, -22.548285, 1.495369], [-0.549589, -21.198814, 1.494026], [-0.577616, -18.088594, 1.489329], [3.527319, -22.613138, 1.446363]], "WC_1_5": [[15.088401, 1.032094, 1.479284], [16.274904, 1.006391, 1.477873], [15.244022, -1.025124, 1.482391], [16.22287, -2.406587, 1.486999]], "conferenceRoom_2_5": [[15.76438, -5.18914, 1.463227], [17.738981, -9.353131, 1.45408], [17.882357, -6.840182, 1.458223], [17.489298, -12.158321, 1.454504], [15.377954, -9.690178, 1.458918], [17.641506, -4.869111, 1.463566], [17.728235, -4.313387, 1.472301], [15.144485, -12.584382, 1.45973], [14.739706, -7.300911, 1.461943]], "office_29_5": [[24.47822, -12.630557, 1.472894], [26.088928, -15.819102, 1.469569], [24.502876, -16.070477, 1.470287], [24.09919, -14.332015, 1.46771], [26.419949, -12.783092, 1.471621], [27.986443, -15.792431, 1.461826]], "office_28_5": [[25.310349, -9.899977, 1.462103], [27.727674, -9.167024, 1.456162]], "office_31_5": [[15.198543, -30.907875, 1.483861], [15.602145, -32.032066, 1.481437], [15.088212, -29.394032, 1.48433]], "hallway_4_5": [[8.572059, -28.036156, 1.490921], [13.254865, -27.116291, 1.484378], [9.902864, -27.207266, 1.488504], [14.701022, -27.005205, 1.488397], [14.970238, -27.863028, 1.485983], [8.481323, -27.018089, 1.497907], [11.891522, -27.19533, 1.484418], [6.898139, -27.170553, 1.497541]], "office_27_5": [[25.679585, -7.105261, 1.455391], [27.450886, -6.656677, 1.458598]], "office_41_5": [[27.90481, -2.542284, 1.465748], [28.342644, -0.16604, 1.470903], [26.950472, -1.379161, 1.466821], [24.715759, 0.195724, 1.480623], [25.086401, -1.476241, 1.472529]], "pantry_1_5": [[-0.067639, 1.778776, 1.474392], [-0.045848, -0.224495, 1.473102], [-0.17459, 3.578811, 1.473951]], "office_16_5": [[-6.402171, -6.15811, 1.435073], [-7.801705, -5.7291, 1.428843], [-4.413131, -6.177753, 1.430095]], "office_33_5": [[8.900443, -31.908487, 1.48199], [8.791313, -29.690111, 1.492004]], "office_35_5": [[2.517859, -20.537922, 1.424851], [3.825489, -18.083845, 1.435336], [2.126957, -18.457661, 1.427163]],