{"office_6_1": [[-17.839951, 20.299704, 1.397828], [-19.336109, 20.655821, 1.38474]], "office_24_1": [[0.480136, 9.916045, 1.392277], [-0.596507, 10.818037, 1.399647], [-3.026776, 10.294626, 1.411231]], "WC_1_1": [[-19.789093, 43.195301, 1.467469], [-18.908249, 43.175076, 1.471482], [-20.56921, 43.185883, 1.458403], [-21.688105, 43.199745, 1.440862], [-16.504761, 42.407722, 1.467814], [-17.877377, 43.20863, 1.463715]], "conferenceRoom_1_1": [[-16.956472, 40.124409, 1.465389], [-16.050749, 38.966099, 1.492496], [-18.079557, 37.413391, 1.480974], [-18.18652, 40.387947, 1.465539], [-19.670742, 39.073215, 1.470353]], "hallway_2_1": [[-11.938932, 5.047044, 1.389766], [-10.169073, 5.089955, 1.394328], [-8.320811, 5.181039, 1.397828]], "office_26_1": [[-2.470851, 4.867908, 1.443721], [-2.467604, 4.8671, 1.442443], [-0.411628, 5.154023, 1.422128], [-2.303827, 4.924713, 1.442725]], "hallway_6_1": [[-14.315002, 10.037156, 1.388861], [-15.944533, 20.533585, 1.394281], [-14.466863, 34.547394, 1.511059], [-14.364964, 15.876988, 1.383299], [-14.399571, 6.809392, 1.384824], [-13.875954, 39.161709, 1.477261], [-14.420692, 5.196613, 1.374975], [-14.256897, 40.881981, 1.451303], [-14.096929, 21.218267, 1.396086], [-14.096841, 21.218626, 1.394003], [-14.378529, 12.553214, 1.39154], [-15.654093, 22.372421, 1.398883], [-14.222297, 27.235348, 1.458946], [-14.369524, 36.094345, 1.513015], [-14.401591, 8.353989, 1.383279], [-15.089877, 28.544512, 1.462884], [-14.589796, 14.525249, 1.383524], [-14.668456, 32.710869, 1.490064], [-15.56366, 26.500187, 1.419134], [-15.681521, 16.324701, 1.383757], [-14.392046, 30.977047, 1.511716], [-14.459442, 38.921013, 1.479076], [-14.406178, 37.382957, 1.505221]], "hallway_7_1": [[-4.714365, 24.916803, 1.39467], [-4.674195, 18.37818, 1.457815], [-4.63531, 36.710991, 1.412513], [-4.825016, 8.293775, 1.425172], [-4.749949, 20.81002, 1.454047], [-4.778588, 32.835491, 1.378177], [-4.573347, 4.216257, 1.433207], [-4.702643, 30.5644, 1.375928], [-4.701754, 16.223112, 1.44373], [-4.616976, 37.917725, 1.392875], [-4.649319, 14.343997, 1.424473], [-4.648259, 14.341104, 1.424828], [-4.745424, 26.654449, 1.384365], [-4.651177, 21.975046, 1.440197], [-4.576555, 38.954048, 1.39068], [-4.85499, 10.008982, 1.432114], [-4.46553, 5.133925, 1.435942], [-4.380179, 5.120865, 1.434534], [-4.451591, 5.136806, 1.437055], [-4.616674, 28.577236, 1.379309], [-4.831004, 5.389595, 1.43289], [-4.824687, 31.874693, 1.383994], [-4.477348, 40.703136, 1.39458], [-4.524424, 43.159569, 1.382929], [-4.740849, 12.221123, 1.423528], [-4.697134, 34.550697, 1.415839], [-4.756559, 6.359649, 1.432156]], "office_21_1": [[0.170931, 26.560608, 1.367339], [-1.068381, 26.398243, 1.374536], [-2.881723, 26.50803, 1.378123]], "office_12_1": [[-19.159939, 0.312906, 1.342015], [-17.942595, 2.437359, 1.363555]], "office_28_1": [[-4.298697, 0.603022, 1.389606], [-2.340981, 0.377509, 1.372849], [-3.112858, -0.700421, 1.365591], [-4.393172, 1.249346, 1.406113]], "office_29_1": [[-8.114078, 38.658844, 1.370328], [-6.531407, 37.815983, 1.385756]], "office_1_1": [[-15.812224, 34.591507, 1.521615], [-17.688377, 34.806377, 1.527036], [-19.807785, 34.749931, 1.496004]], "office_30_1": [[-10.18126, 29.8999, 1.367512], [-7.866868, 29.626049, 1.396269], [-7.265837, 30.950579, 1.39929], [-6.478502, 31.992189, 1.376389], [-9.880251, 31.086969, 1.367995], [-8.503603, 32.338737, 1.36864], [-12.03246, 31.495066, 1.365338]], "office_17_1": [[-3.117071, 38.838276, 1.386262], [0.408759, 37.878681, 1.385782], [-0.918016, 38.664024, 1.373189]], "hallway_5_1": [[-14.420754, 42.320084, 1.437253], [-15.092926, 45.841595, 1.446864], [-15.107508, 45.045551, 1.444096]], "office_4_1": [[-17.406397, 26.652987, 1.420626], [-19.230694, 26.850027, 1.408441]], "office_16_1": [[0.76981, 41.105618, 1.387447], [-0.441329, 44.139534, 1.380045], [-1.531738, 44.679813, 1.376948], [-3.031404, 40.743877, 1.391926], [-1.32308, 41.791672, 1.385461]], "office_14_1": [[-12.638665, -0.13269, 1.355497], [-13.164614, 2.373931, 1.370384]], "office_2_1": [[-16.185913, 32.752583, 1.507021], [-19.547966, 31.426851, 1.484371], [-17.732059, 32.94001, 1.499465]], "office_22_1": [[-2.130328, 16.785332, 1.399891], [-0.869371, 16.735647, 1.382636], [-2.905462, 16.562513, 1.404559]], "office_25_1": [[-2.897483, 8.157273, 1.417758], [-0.530018, 8.061767, 1.406853]], "conferenceRoom_2_1": [[-1.801179, 23.428965, 1.387255], [1.024578, 21.230272, 1.364959], [-3.090315, 21.904652, 1.421494], [0.47353, 23.69099, 1.336171], [-1.418214, 19.109325, 1.405623], [0.659522, 19.656136, 1.385031]], "office_31_1": [[-11.727486, 19.136602, 1.393986], [-11.831102, 16.450392, 1.383283], [-8.29475, 23.023487, 1.398425], [-7.492771, 19.953306, 1.396812], [-10.340076, 25.716476, 1.388397], [-6.058507, 21.163307, 1.400539], [-10.979994, 23.489801, 1.391954], [-10.766137, 14.05556, 1.376404], [-8.66858, 25.805725, 1.391912], [-7.307166, 17.444452, 1.397359], [-8.262499, 14.124672, 1.381089], [-10.932126, 21.21032, 1.391787], [-7.523486, 14.927613, 1.387462]], "office_15_1": [[-7.913387, 10.297894, 1.412359], [-7.798556, 9.711706, 1.420519]], "office_19_1": [[-2.601064, 32.665707, 1.365627], [0.503895, 32.362411, 1.369747], [-1.150938, 32.605652, 1.363635]], "office_5_1": [[-19.208399, 22.27282, 1.382823], [-17.522356, 22.679081, 1.393155]], "hallway_3_1": [[-4.490147, 2.321328, 1.416987], [-2.90901, 2.48237, 1.421686], [-4.553932, 2.926615, 1.425197]], "pantry_1_1": [[-10.93819, 38.202049, 1.460424], [-12.365924, 38.821053, 1.467313]], "office_27_1": [[-0.97672, 2.466225, 1.44317], [-0.045126, 2.212442, 1.427285], [-0.172363, 0.24544, 1.431714], [-1.038247, -0.706291, 1.439184]], "copyRoom_1_1": [[-10.842566, 10.585002, 1.377012], [-12.678325, 10.075261, 1.385772]], "hallway_8_1": [[-8.512453, 2.741116, 1.394637], [-6.288239, -0.934086, 0.6842], [-9.554815, 1.241274, 1.403452], [-9.813641, 2.745338, 1.411484], [-9.499854, -0.952023, 1.391013]], "office_9_1": [[-16.968079, 10.215248, 1.392852], [-19.348724, 10.551014, 1.379117]], "hallway_4_1": [[-4.750384, 45.314365, 1.363602], [-4.757291, 46.289951, 1.335997]], "office_8_1": [[-19.183418, 14.348603, 1.364773], [-17.226902, 14.217922, 1.374832]], "office_23_1": [[-2.23159, 14.472996, 1.397479], [-2.629364, 14.289074, 1.40625], [-0.249055, 14.286156, 1.356016]], "office_20_1": [[-0.956207, 28.978758, 1.365985], [0.611402, 28.936924, 1.365221], [-2.755275, 28.752054, 1.369438]], "hallway_1_1": [[-14.560997, 2.776578, 1.370799]], "office_13_1": [[-16.326017, 0.016754, 1.328074], [-14.64609, 0.845663, 1.349015]], "office_11_1": [[-15.937491, 4.989161, 1.374334], [-18.964094, 5.020336, 1.350512]], "office_10_1": [[-16.599369, 8.188187, 1.380136], [-18.775301, 7.890199, 1.366047]], "office_3_1": [[-17.068748, 28.726509, 1.452995], [-17.170584, 29.493994, 1.441676], [-18.859949, 28.931993, 1.424464]], "office_7_1": [[-19.3731, 16.310177, 1.353498], [-17.708004, 16.343668, 1.374349]], "office_18_1": [[-1.037152, 34.996292, 1.411247], [-3.161399, 34.689762, 1.412417], [0.149936, 35.059769, 1.4073]]}