{"auditorium_1_2": [7.335742, -14.274407, 0.514675], "auditorium_2_2": [3.820178, -2.162334, 0.432501], "WC_2_2": [2.714231, 12.869679, 1.366134], "hallway_8_2": [-6.662796, -10.824679, 1.983205], "hallway_2_2": [-1.448815, 20.022739, 1.457043], "hallway_5_2": [19.143721, -6.143023, 1.305798], "office_7_2": [1.990694, 17.650267, 1.386377], "storage_2_2": [-3.7875, 4.972621, 2.034568], "office_14_2": [14.505326, -10.921946, 1.343687], "office_9_2": [-5.615587, -3.116525, 2.010834], "hallway_3_2": [7.64419, 20.559578, 1.31407], "office_5_2": [14.384079, 17.919258, 1.216193], "office_6_2": [-0.773905, 18.190218, 1.43693], "office_2_2": [-3.385095, 14.779383, 2.058985], "conferenceRoom_1_2": [11.472564, -18.199614, 1.322078], "storage_6_2": [18.41188, -6.080226, 1.317542], "storage_1_2": [4.273829, 8.185057, 1.316669], "storage_7_2": [14.831881, 8.88395, 1.468927], "office_1_2": [-4.285289, 17.175278, 2.104982], "hallway_6_2": [-3.555101, 19.817072, 2.088051], "hallway_10_2": [9.664508, 7.740705, 1.228634], "hallway_1_2": [16.086927, -10.981727, 1.328897], "office_4_2": [15.462744, 12.870035, 1.458963], "storage_3_2": [-5.473276, 1.060186, 2.042024], "storage_9_2": [0.256142, -8.866651, 0.631263], "hallway_11_2": [-0.259625, -11.745156, 0.604788], "hallway_4_2": [-3.912889, -10.820672, 1.942705], "office_10_2": [-5.659137, -7.042584, 1.9703], "hallway_12_2": [11.995666, 9.511228, 1.495929], "office_13_2": [-5.63041, -22.962259, 1.842844], "office_11_2": [-4.653976, -14.683969, 1.919851], "office_3_2": [-3.146534, 10.385428, 2.049303], "hallway_7_2": [-5.169646, -24.62989, 1.825785], "WC_1_2": [-0.899443, 9.754547, 1.413858], "storage_5_2": [16.533278, -4.212639, 1.227039], "storage_4_2": [-5.563392, -0.191715, 2.027532], "office_12_2": [-4.630011, -16.340376, 1.876974], "office_8_2": [7.778655, 17.689854, 1.285254], "hallway_9_2": [-3.097341, 6.782714, 2.027639]}