{"lobby_2_4": [-24.390863, 4.938237, 1.273494], "lobby_1_4": [-5.94006, -3.655666, 1.307055], "WC_4_4": [-12.640456, 8.806128, 1.293415], "office_12_4": [-6.573952, 10.301343, 1.287923], "hallway_14_4": [-21.347321, 10.735734, -0.409659], "hallway_1_4": [-14.559679, -4.778876, 1.308111], "office_11_4": [-2.024031, 8.456141, 1.284463], "hallway_7_4": [-16.264515, 12.729715, 1.267625], "hallway_3_4": [11.923205, 9.337448, 1.263495], "office_21_4": [8.664682, 11.443781, 1.256082], "storage_3_4": [-1.440155, -0.59612, 1.292395], "hallway_11_4": [-0.520059, 18.024717, 1.270725], "storage_1_4": [-21.564497, 12.519547, 1.269901], "office_1_4": [-5.374433, 3.007573, 1.283627], "conferenceRoom_1_4": [-8.627002, 2.185467, 1.296768], "office_20_4": [-18.104174, -2.676832, 1.301393], "office_16_4": [-25.416157, 10.882551, 1.279628], "office_3_4": [-0.539272, 4.261932, 1.286], "office_9_4": [13.775267, 11.160092, 1.257892], "conferenceRoom_3_4": [-28.552551, -0.495183, 1.279598], "storage_4_4": [-13.072481, 0.269961, 1.282319], "conferenceRoom_2_4": [-28.645424, 3.261823, 1.266416], "hallway_10_4": [-2.836625, 5.761404, 1.270271], "office_6_4": [13.952773, 0.776778, 1.221189], "office_5_4": [10.927382, 2.520891, 1.27024], "hallway_12_4": [-6.140769, 18.025883, 1.26933], "office_4_4": [5.79152, 3.398016, 1.274918], "office_2_4": [-2.635132, 3.479548, 1.286556], "hallway_2_4": [0.281818, -1.982375, 1.290336], "hallway_9_4": [2.682867, 7.111788, 1.293699], "storage_2_4": [-17.044378, 12.263156, 1.260573], "office_7_4": [14.660666, 4.152781, 1.268285], "office_10_4": [-2.478649, 16.475721, 1.278474], "office_14_4": [-12.247176, 16.084751, 1.274991], "hallway_13_4": [6.561929, 8.811928, 1.256637], "hallway_4_4": [2.181402, 11.537878, 1.267935], "office_19_4": [6.221062, -2.593474, 1.279917], "WC_2_4": [-8.262786, 9.936477, 1.295919], "office_17_4": [13.934545, -2.675119, 1.254302], "office_13_4": [-10.009595, 13.459027, 1.273013], "office_8_4": [15.383696, 7.324613, 1.258066], "office_18_4": [10.175284, -0.741571, 1.266365], "office_15_4": [-24.538916, -3.280701, 1.292425], "office_22_4": [11.270746, 8.569473, 1.267614], "hallway_8_4": [2.538203, 8.246599, 1.286046], "WC_1_4": [-8.120303, 10.425105, 1.295211], "WC_3_4": [-12.195235, 13.76374, 1.273439]}