{"auditorium_1_2": [[7.335742, -14.274407, 0.514675], [1.324523, -25.120081, 1.110428], [4.267774, -13.536948, 0.562695], [3.883356, -25.496614, 1.06242], [7.611021, -15.126012, 0.554724], [7.897542, -21.853174, 0.915582], [4.5983, -11.359137, 0.955228], [1.647918, -19.287193, 0.882312], [0.808139, -23.584753, 1.142891], [7.13227, -25.394272, 1.029079], [7.683829, -19.161142, 0.774689], [1.402233, -15.306117, 0.679289], [8.272695, -23.867697, 1.016446], [7.781335, -16.19755, 0.622748], [1.456904, -21.040804, 0.987158], [9.533144, -14.305627, 0.546069], [0.895135, -22.958576, 1.108446], [7.976345, -23.034735, 0.976338], [0.442554, -25.147888, 1.139036], [1.448439, -20.09807, 0.9392], [-1.439685, -24.603912, 1.176335], [6.131779, -10.331435, 0.93827], [7.66468, -20.046337, 0.826643], [7.80598, -20.893604, 0.864472], [1.616132, -17.339975, 0.78079], [1.366403, -16.251863, 0.731232], [6.984647, -13.175862, 0.51831], [8.05757, -16.984272, 0.663309], [3.825208, -23.830418, 1.080636], [9.277631, -17.703148, 0.686069], [1.513434, -13.388955, 0.571415], [8.593258, -25.209698, 1.01561], [1.404666, -22.097933, 1.044552], [9.185068, -15.526218, 0.59651], [-3.099013, -24.688547, 1.813873], [-3.049881, -24.875923, 1.809665], [8.322401, -12.032799, 0.508899], [7.989916, -17.964346, 0.694557], [1.584193, -18.36083, 0.842529]], "auditorium_2_2": [[3.820178, -2.162334, 0.432501], [11.130789, -1.499788, 0.920763], [7.501368, -1.644223, 0.680932], [15.701141, 4.000863, 1.269036], [5.775938, 2.214178, 0.640891], [11.309547, -6.731486, 0.924658], [2.877227, -1.926951, 0.380234], [9.531533, 2.297961, 0.865359], [14.31129, 2.802708, 1.146329], [7.610436, 2.426708, 0.756888], [11.36246, 2.673147, 0.975986], [3.206148, 3.271239, 0.542833], [4.337686, 3.25052, 0.591129], [14.095013, -7.706241, 1.090831], [8.052126, 3.817594, 0.811423], [2.271055, 4.599368, 0.554158], [12.954676, -2.071446, 1.011522], [1.465963, 4.186317, 0.483599], [4.796695, -1.663585, 0.497821], [12.085217, -2.109153, 0.950636], [2.351683, -5.317202, 0.369289], [10.448714, -6.658614, 0.866068], [-0.551354, -3.562431, 0.725246], [16.181015, -8.115825, 1.218314], [5.731291, -6.29423, 0.567537], [14.800337, -2.78221, 1.09434], [1.728489, 2.266385, 0.402366], [10.144284, -1.536685, 0.855223], [6.49685, -1.557188, 0.631661], [3.88639, -5.65301, 0.460248], [3.148037, -5.389088, 0.410217], [6.723469, 2.407579, 0.711189], [4.785085, -5.949091, 0.503629], [12.147506, -6.822943, 0.971478], [12.245404, 2.547748, 1.021295], [8.784263, 4.436761, 0.891709], [10.843075, 2.808158, 0.94895], [13.92037, -2.557286, 1.06381], [7.549877, -6.588519, 0.682365], [4.838622, 1.860972, 0.563453], [-0.581665, 1.839396, 0.743393], [14.642151, -5.757041, 1.111559], [-0.404619, -0.292421, 0.740841], [-0.269417, 0.72459, 0.73882], [17.450666, 4.237597, 1.369898], [2.558521, 0.113268, 0.368499], [0.915999, 1.082764, 0.363425], [0.949179, -5.674617, 0.311781], [0.073995, 2.195366, 0.387558], [8.451762, -6.64631, 0.755334], [5.212166, 3.525237, 0.650253], [6.03583, 3.904684, 0.714242], [13.342558, 2.366637, 1.076579], [-1.24907, 0.613891, 0.759921], [2.437811, 2.949157, 0.469768], [9.217534, -1.565903, 0.793323], [3.647183, -0.464862, 0.432194], [5.661576, -1.893243, 0.570895], [15.09977, -7.687515, 1.146186], [8.563824, 2.3568, 0.813045], [9.507052, -6.661956, 0.819923], [6.739708, -6.42779, 0.631431], [9.755675, 4.639616, 0.948868], [8.304158, -2.031265, 0.730889]], "WC_2_2": [[2.714231, 12.869679, 1.366134], [1.512534, 9.470025, 1.374404], [3.006281, 11.738894, 1.360748], [2.743134, 10.634471, 1.355107], [3.035012, 8.325709, 1.339357], [2.704492, 9.555169, 1.342317], [1.356184, 8.843394, 1.374912]], "hallway_8_2": [[-6.662796, -10.824679, 1.983205], [-6.659052, 11.849899, 2.091143], [-6.57974, 2.718446, 2.057371], [-5.802183, -11.034122, 1.973163], [-6.811781, 13.553905, 2.117202], [-6.880825, -20.748663, 1.870363], [-6.512563, -4.311374, 2.014886], [-6.715607, -15.277297, 1.941714], [-6.891472, 14.972257, 2.124578], [-6.594839, -8.685079, 1.966982], [-6.610281, -3.127722, 2.023402], [-5.66108, 9.036986, 2.08206], [-6.674041, 7.984315, 2.091811], [-6.582327, -24.539604, 1.835568], [-6.637987, 19.649214, 2.127683], [-7.011515, -22.673573, 1.85666], [-6.720842, 10.159842, 2.09408], [-6.971651, -18.830717, 1.893374], [-6.686088, -19.428951, 1.868271], [-5.595434, 17.020796, 2.119953], [-6.749186, -13.114672, 1.964271], [-6.366338, 4.863369, 2.061211], [-6.583684, 4.070997, 2.063098], [-6.613019, -7.299665, 1.976268], [-6.834335, 5.461674, 2.081187], [-6.909742, 16.301731, 2.132704], [-6.641562, 6.651819, 2.086207], [-6.471286, -16.579081, 1.915428], [-5.721189, -19.027304, 1.868892], [-6.762929, -0.647917, 2.039995], [-6.199347, 0.99797, 2.048019], [-6.737769, 0.536526, 2.051049], [-6.652203, -1.94729, 2.032791], [-6.609337, 18.593868, 2.13337]], "hallway_2_2": [[-1.448815, 20.022739, 1.457043], [2.648542, 20.205, 1.391939], [4.123373, 20.109194, 1.366978], [5.872041, 20.640907, 1.334495], [-0.096245, 20.009209, 1.433453], [1.521084, 20.119987, 1.411076], [0.480869, 19.322495, 1.421668]], "hallway_5_2": [[19.143721, -6.143023, 1.305798], [19.604403, 3.702567, 1.353637], [20.038898, 6.148921, 1.361644], [20.50312, 1.640088, 1.326487], [20.997807, -2.20621, 1.302607], [18.776588, -10.947955, 1.282983], [21.577841, -6.144261, 1.273723], [20.784748, -0.466714, 1.31141], [19.515079, -8.627154, 1.28327], [20.449394, -10.023167, 1.256934], [20.262529, 4.061992, 1.348126], [22.124582, -5.948413, 1.262503], [20.660297, -8.330625, 1.269896], [20.201921, -11.591983, 1.246833], [20.165073, -4.028311, 1.309158], [18.450924, -8.140286, 1.301854], [21.318871, -4.120711, 1.288706]], "office_7_2": [[1.990694, 17.650267, 1.386377], [3.209559, 17.9533, 1.368728], [1.844331, 19.220524, 1.40335]], "storage_2_2": [[-3.7875, 4.972621, 2.034568], [-5.621244, 4.83212, 2.053987]], "office_14_2": [[14.505326, -10.921946, 1.343687], [13.01299, -10.655696, 1.36547], [11.886532, -11.102062, 1.374017], [12.008332, -12.977616, 1.367496], [12.901214, -14.245537, 1.35011], [14.721297, -13.86159, 1.316139]], "office_9_2": [[-5.615587, -3.116525, 2.010834], [-3.938169, -3.548486, 1.988002]], "hallway_3_2": [[7.64419, 20.559578, 1.31407], [10.501749, 20.565798, 1.270481], [9.647223, 18.411728, 1.273632], [9.723078, 14.702106, 1.261312], [9.940684, 10.874456, 1.241636], [9.222684, 20.342062, 1.288716], [9.927834, 16.521206, 1.261908], [9.974357, 12.320951, 1.247128], [10.604136, 14.35647, 1.246769]], "office_5_2": [[14.384079, 17.919258, 1.216193], [12.601041, 20.464481, 1.243632], [13.557296, 20.172293, 1.240406], [12.274076, 18.2262, 1.243157], [13.084535, 17.674593, 1.24471], [15.053927, 20.38954, 1.209754]], "office_6_2": [[-0.773905, 18.190218, 1.43693], [0.360339, 18.36549, 1.415767]], "office_2_2": [[-3.385095, 14.779383, 2.058985], [-5.578422, 13.055708, 2.095957], [-3.945867, 13.300114, 2.068114]], "conferenceRoom_1_2": [[11.472564, -18.199614, 1.322078], [14.939406, -18.208981, 1.264336], [12.309216, -16.257891, 1.312336], [13.303754, -16.26866, 1.297156], [15.086201, -22.210253, 1.240263], [15.124094, -19.908081, 1.256594], [12.090928, -22.717304, 1.287971], [16.574856, -16.57267, 1.251417], [15.01906, -16.360279, 1.274328], [11.586204, -20.845264, 1.304649], [14.380042, -24.245867, 1.230099]], "storage_6_2": [[18.41188, -6.080226, 1.317542], [18.214659, -5.017972, 1.326292]], "storage_1_2": [[4.273829, 8.185057, 1.316669], [4.455594, 9.359487, 1.329505]], "storage_7_2": [[14.831881, 8.88395, 1.468927], [15.290187, 7.784055, 1.456917], [14.818468, 9.911036, 1.46967]], "office_1_2": [[-4.285289, 17.175278, 2.104982]], "hallway_6_2": [[-3.555101, 19.817072, 2.088051], [-4.673086, 20.080982, 2.10904]],