{"office_6_1": [-17.839951, 20.299704, 1.397828], "office_24_1": [0.480136, 9.916045, 1.392277], "WC_1_1": [-19.789093, 43.195301, 1.467469], "conferenceRoom_1_1": [-16.956472, 40.124409, 1.465389], "hallway_2_1": [-11.938932, 5.047044, 1.389766], "office_26_1": [-2.470851, 4.867908, 1.443721], "hallway_6_1": [-14.315002, 10.037156, 1.388861], "hallway_7_1": [-4.714365, 24.916803, 1.39467], "office_21_1": [0.170931, 26.560608, 1.367339], "office_12_1": [-19.159939, 0.312906, 1.342015], "office_28_1": [-4.298697, 0.603022, 1.389606], "office_29_1": [-8.114078, 38.658844, 1.370328], "office_1_1": [-15.812224, 34.591507, 1.521615], "office_30_1": [-10.18126, 29.8999, 1.367512], "office_17_1": [-3.117071, 38.838276, 1.386262], "hallway_5_1": [-14.420754, 42.320084, 1.437253], "office_4_1": [-17.406397, 26.652987, 1.420626], "office_16_1": [0.76981, 41.105618, 1.387447], "office_14_1": [-12.638665, -0.13269, 1.355497], "office_2_1": [-16.185913, 32.752583, 1.507021], "office_22_1": [-2.130328, 16.785332, 1.399891], "office_25_1": [-2.897483, 8.157273, 1.417758], "conferenceRoom_2_1": [-1.801179, 23.428965, 1.387255], "office_31_1": [-11.727486, 19.136602, 1.393986], "office_15_1": [-7.913387, 10.297894, 1.412359], "office_19_1": [-2.601064, 32.665707, 1.365627], "office_5_1": [-19.208399, 22.27282, 1.382823], "hallway_3_1": [-4.490147, 2.321328, 1.416987], "pantry_1_1": [-10.93819, 38.202049, 1.460424], "office_27_1": [-0.97672, 2.466225, 1.44317], "copyRoom_1_1": [-10.842566, 10.585002, 1.377012], "hallway_8_1": [-8.512453, 2.741116, 1.394637], "office_9_1": [-16.968079, 10.215248, 1.392852], "hallway_4_1": [-4.750384, 45.314365, 1.363602], "office_8_1": [-19.183418, 14.348603, 1.364773], "office_23_1": [-2.23159, 14.472996, 1.397479], "office_20_1": [-0.956207, 28.978758, 1.365985], "hallway_1_1": [-14.560997, 2.776578, 1.370799], "office_13_1": [-16.326017, 0.016754, 1.328074], "office_11_1": [-15.937491, 4.989161, 1.374334], "office_10_1": [-16.599369, 8.188187, 1.380136], "office_3_1": [-17.068748, 28.726509, 1.452995], "office_7_1": [-19.3731, 16.310177, 1.353498], "office_18_1": [-1.037152, 34.996292, 1.411247]}