{"hallway_1_5": [[4.31643, -0.052484, 1.361896], [8.566243, 0.114947, 1.360449], [19.394264, 0.039356, 1.363167], [6.334952, 0.186251, 1.359734], [20.940113, -0.592029, 1.366094], [19.600315, -0.009363, 1.369451], [11.223013, 0.117089, 1.363887], [2.240603, -0.120739, 1.352917], [17.240202, -0.183333, 1.365069]], "hallway_5_5": [[4.790425, 14.259542, 1.380582], [4.539946, 14.985244, 1.378259], [3.125848, 14.913711, 1.377258], [14.28575, 15.681583, 1.371864], [1.426752, 14.982921, 1.374108], [12.673095, 15.774063, 1.369697], [-1.661867, 15.687832, 1.373828], [5.733537, 14.95659, 1.378976], [9.435847, 15.661818, 1.377248], [20.477026, 14.718253, 1.374113], [4.719088, 15.746266, 1.371004], [-4.663207, 14.901622, 1.37853], [7.021122, 14.873286, 1.380665], [2.956546, 15.719088, 1.368828], [17.219378, 14.907359, 1.373897], [10.794934, 14.955585, 1.379919], [-1.643356, 14.941868, 1.377908], [-1.539233, 14.196089, 1.381133], [-6.393752, 15.003932, 1.370799], [14.873616, 14.840451, 1.376918], [-3.369678, 14.848306, 1.378602], [9.384459, 14.908213, 1.376057], [12.527239, 14.765676, 1.380488], [18.960569, 15.638206, 1.367564], [-0.417941, 14.957031, 1.377117]], "office_38_5": [[14.839046, -10.128731, 1.371639], [13.261971, -10.544003, 1.367739], [19.125399, -11.462534, 1.387847], [15.967915, -10.61011, 1.370151], [12.177674, -9.467714, 1.370505], [17.657574, -11.160296, 1.369856], [12.226825, -10.257441, 1.373231]], "hallway_6_5": [[18.117588, 10.633562, 1.371756], [18.137428, 14.557038, 1.373483], [18.124878, 4.902359, 1.348043], [17.368578, 6.628524, 1.353057], [18.09375, 8.919635, 1.374515], [18.739935, 7.335693, 1.35213], [18.262459, 12.707866, 1.369967], [18.120697, 1.901171, 1.360076], [18.107849, 6.862812, 1.35557], [19.006399, 12.832386, 1.367311]], "office_13_5": [[22.045137, 14.871835, 1.374569], [21.518963, 16.799307, 1.369928], [21.76866, 19.77202, 1.364654], [20.855394, 18.284002, 1.372205]], "office_42_5": [[-3.393281, 15.760274, 1.375356], [-3.478302, 18.744499, 1.376196], [-3.795815, 17.267857, 1.376607], [-3.745874, 20.339926, 1.375667]], "office_7_5": [[2.947094, 18.865246, 1.376352], [2.686469, 20.12652, 1.385881], [2.828535, 17.378031, 1.368332]], "office_19_5": [[7.717658, 9.6378, 1.366986], [6.599373, 13.002948, 1.380326], [4.446574, 10.513878, 1.370889], [5.015022, 13.09381, 1.382898], [7.69074, 11.640407, 1.369495], [7.738616, 8.341789, 1.372353], [4.303414, 11.925975, 1.373373]], "office_18_5": [[0.246952, 13.489595, 1.371485], [1.51488, 10.402391, 1.360774], [-0.188402, 9.394248, 1.355076], [1.670257, 12.462345, 1.365561], [-1.49437, 10.852233, 1.37007], [-1.403323, 13.004126, 1.379595]], "office_15_5": [[19.755043, 3.917934, 1.354902], [20.43471, 6.888132, 1.353888], [20.597136, 5.900642, 1.361462], [22.500072, 4.132423, 1.366226], [22.716434, 7.140858, 1.377135]], "hallway_15_5": [[21.589811, -13.288179, 1.373242], [21.483746, -6.485425, 1.373462], [21.316742, -2.348664, 1.367309], [21.401735, -11.458209, 1.378027], [22.254789, -14.465364, 1.370696], [20.241566, -11.44622, 1.375608], [21.519333, -8.73362, 1.387102], [22.712713, -14.515903, 1.368657]], "office_39_5": [[24.71686, -14.330614, 1.3728], [23.94035, -12.903686, 1.379318], [26.807056, -12.456797, 1.373053], [26.034378, -13.667016, 1.372208]], "hallway_7_5": [[-7.509789, 10.240396, 1.372019], [-7.282448, 12.185674, 1.368978], [-6.531408, 9.313451, 1.357747], [-7.445973, 11.787664, 1.370011], [-7.456826, 13.746994, 1.371565]], "hallway_2_5": [[20.398195, -16.367949, 1.365965], [16.09387, -16.209318, 1.36343], [21.514734, -15.649281, 1.370005], [20.500326, -17.772549, 1.359872], [17.571466, -16.211872, 1.370336], [19.201859, -17.736292, 1.358445], [19.211235, -16.343225, 1.369576]], "office_12_5": [[18.719503, 18.058815, 1.354335], [18.451313, 20.490011, 1.359002], [18.626293, 16.976971, 1.359017]], "office_14_5": [[21.419241, 11.672593, 1.369046], [20.4769, 12.608214, 1.371453], [20.128803, 10.482912, 1.36942], [22.461983, 10.397489, 1.363253]], "office_11_5": [[15.95813, 17.890308, 1.374016], [14.55299, 18.704491, 1.374923], [15.027977, 19.840979, 1.377355], [14.461777, 17.322546, 1.369397]], "office_23_5": [[18.210497, -22.226555, 1.371399], [18.978449, -20.767071, 1.370812], [18.760988, -19.113556, 1.350775]], "office_21_5": [[11.632447, 3.483193, 1.347545], [12.83016, 5.021995, 1.347505], [13.603444, 6.867697, 1.354034], [15.020796, 2.87915, 1.353519], [15.282921, 6.830475, 1.352509], [11.975855, 6.953984, 1.353698], [12.825756, 3.005952, 1.350818]], "office_6_5": [[-1.488159, 17.336985, 1.369316], [-1.391051, 18.878248, 1.374204]], "office_8_5": [[4.878664, 19.15704, 1.377197], [4.878995, 17.363348, 1.367933], [6.453775, 17.800507, 1.371104]], "lobby_1_5": [[-0.029889, -0.147483, 1.34994]], "office_17_5": [[-4.605875, 12.027004, 1.358904], [-4.644262, 9.892749, 1.348796]], "office_22_5": [[20.624023, -19.158445, 1.356568], [20.776752, -21.031532, 1.363067]], "office_20_5": [[8.520058, 6.575986, 1.366396]], "office_9_5": [[8.753697, 17.072924, 1.380184], [8.385165, 17.545134, 1.381374], [8.283357, 19.244785, 1.396133]], "hallway_8_5": [[5.139452, 3.582604, 1.353475], [4.986564, 1.877112, 1.361302]], "office_10_5": [[12.354639, 19.966152, 1.375945], [12.379947, 17.974363, 1.373305]]}