{"hallway_1_5": [4.31643, -0.052484, 1.361896], "hallway_5_5": [4.790425, 14.259542, 1.380582], "office_38_5": [14.839046, -10.128731, 1.371639], "hallway_6_5": [18.117588, 10.633562, 1.371756], "office_13_5": [22.045137, 14.871835, 1.374569], "office_42_5": [-3.393281, 15.760274, 1.375356], "office_7_5": [2.947094, 18.865246, 1.376352], "office_19_5": [7.717658, 9.6378, 1.366986], "office_18_5": [0.246952, 13.489595, 1.371485], "office_15_5": [19.755043, 3.917934, 1.354902], "hallway_15_5": [21.589811, -13.288179, 1.373242], "office_39_5": [24.71686, -14.330614, 1.3728], "hallway_7_5": [-7.509789, 10.240396, 1.372019], "hallway_2_5": [20.398195, -16.367949, 1.365965], "office_12_5": [18.719503, 18.058815, 1.354335], "office_14_5": [21.419241, 11.672593, 1.369046], "office_11_5": [15.95813, 17.890308, 1.374016], "office_23_5": [18.210497, -22.226555, 1.371399], "office_21_5": [11.632447, 3.483193, 1.347545], "office_6_5": [-1.488159, 17.336985, 1.369316], "office_8_5": [4.878664, 19.15704, 1.377197], "lobby_1_5": [-0.029889, -0.147483, 1.34994], "office_17_5": [-4.605875, 12.027004, 1.358904], "office_22_5": [20.624023, -19.158445, 1.356568], "office_20_5": [8.520058, 6.575986, 1.366396], "office_9_5": [8.753697, 17.072924, 1.380184], "hallway_8_5": [5.139452, 3.582604, 1.353475], "office_10_5": [12.354639, 19.966152, 1.375945]}