{"office_3_3": [20.665548, 1.390663, 1.383317], "lounge_2_3": [11.702342, -4.191778, 1.404169], "office_7_3": [22.289303, -8.838264, 1.380665], "hallway_1_3": [20.532543, -6.840574, 1.377936], "office_8_3": [20.633715, -11.129754, 1.377879], "lounge_1_3": [7.640006, 5.823291, 1.401135], "hallway_4_3": [5.901874, -0.090371, 1.426955], "WC_1_3": [1.074649, 2.964298, 1.393186], "WC_2_3": [12.568247, 2.792135, 1.448511], "office_6_3": [24.870342, -7.019124, 1.374498], "office_5_3": [23.907976, -4.28163, 1.368749], "hallway_6_3": [6.250639, 1.191646, 1.424116], "conferenceRoom_1_3": [15.620471, 4.714902, 1.40545], "office_10_3": [18.066166, -6.109335, 1.37367], "hallway_2_3": [18.090178, -9.709255, 1.384473], "office_1_3": [13.855364, -11.840105, 1.379355], "office_2_3": [16.749228, -9.846838, 1.386119], "storage_1_3": [20.048697, -15.30484, 1.381192], "office_4_3": [21.915642, -1.03476, 1.393256], "hallway_3_3": [0.016883, -0.033569, 1.414255], "office_9_3": [18.123711, -1.96054, 1.410976]}